SnP_ESG_Company,SnP_ESG_Score,SnP_ESG_Country,SnP_ESG_Industry,SnP_ESG_Ticker
NVIDIA Corporation ESG Score,61,Location: United States of America,Industry: SEM Semiconductors & Semiconductor Equipment,Ticker: NVDA
NVIDIA Corporation ESG Score,61,Location: United States of America,Industry: SEM Semiconductors & Semiconductor Equipment,Ticker: NVDA
NVIDIA Corporation ESG Score,61,Location: United States of America,Industry: SEM Semiconductors & Semiconductor Equipment,Ticker: NVDA
NVIDIA Corporation ESG Score,61,Location: United States of America,Industry: SEM Semiconductors & Semiconductor Equipment,Ticker: NVDA
,,
,,
,,
,,
,,
,,
Aalberts NV,21.5,Machinery
NVIDIA Corp.,12.2,Semiconductors
Aalberts NV,21.5,Machinery
NVIDIA Corp.,12.2,Semiconductors
NVIDIA Corp.,12.2,Semiconductors
,,
Aalberts NV,21.5,Machinery
NVIDIA Corp.,12.2,Semiconductors
